Applicant,LocationDescription,Address,FoodItems,Latitude,Longitude
Leo's Hot Dogs,MISSION ST: 19TH ST to 20TH ST (2300 - 2399),2301 MISSION ST,Hot dogs and related toppings: non alcoholic beverages,37.760086931987,-122.418806481101
Ziaurehman Amini,MARKET ST: DRUMM ST intersection,5 THE EMBARCADERO,,37.7943310032468,-122.395811053023
Casita Vegana,JOHN MUIR DR: LAKE MERCED BLVD to SKYLINE BLVD (200 - 699),Assessors Block 7283/Lot004,Coffee: Vegan Pastries: Vegan Hot Dogs: Vegan Tamales: Te: Vegan Shakes,37.7218897087084,-122.492521244995
Sunset Mercantile/Outer Sunset Farmers Market & Mercantile,37TH AVE: QUINTARA ST to RIVERA ST (2100 - 2199),2155 37TH AVE,Multiple Food Trucks & Food Types,37.7473265465412,-122.496280672705
El Calamar Perubian Food Truck,MISSION ST: ANTHONY ST to 02ND ST (573 - 599),85 02ND ST,Lomo Saltado: Jalea: Ceviche: Calamar: Tilapia plate: chicken special. Soda: Water.,37.7884570288289,-122.399884160566
"BOWL'D ACAI, LLC.",MONTGOMERY ST: CALIFORNIA ST to SACRAMENTO ST (400 - 499),451 MONTGOMERY ST,Acai Bowls: Smoothies: Juices,37.7935769332618,-122.403229876701
"BOWL'D ACAI, LLC.",LARKIN ST: FULTON ST to MCALLISTER ST (200 - 299),200 LARKIN ST,Acai Bowls: Smoothies: Juices,37.7802154802881,-122.416025770151
MOMO INNOVATION LLC,CALIFORNIA ST: BATTERY ST to SANSOME ST (300 - 399),351 CALIFORNIA ST,Noodles: Meat & Drinks,37.7928707497415,-122.400747494077
MOMO INNOVATION LLC,CALIFORNIA ST: DAVIS ST to FRONT ST (100 - 199),101 CALIFORNIA ST,MOMO Spicy Noodle: POPO's Noodle: Spicy Chicken Noodle: Rice Noodles,37.7929489528347,-122.398098613167
Buenafe,RANKIN ST: DAVIDSON AVE to EVANS AVE (200 - 299),220 RANKIN ST,Tacos: Burritos: Quesadillas: Tortas,37.7457492406203,-122.392481487678
MOMO INNOVATION LLC,MISSION ST: SHAW ALY to ANTHONY ST (543 - 586),555 MISSION ST,Noodles,37.7884461569013,-122.398641242039
Buenafe,EVANS AVE: PHELPS ST to QUINT ST (1600 - 1699),750 PHELPS ST,Tacos: Burritos: Quesadillas: Tortas,37.7394454528691,-122.393014986698
MOMO INNOVATION LLC,BUSH ST: BATTERY ST to SANSOME ST (100 - 199),1 BUSH ST,Noodles,37.7909215072692,-122.400100423739
"BOWL'D ACAI, LLC.",BUCHANAN ST: NORTH POINT ST to BEACH ST \ LOWER FORT MASON ST \ MARINA BLVD (3700 - 3799),15 MARINA BLVD,Acai Bowls: Poke Bowls: Smoothies: Juices,37.8045778690901,-122.433010774343
HalalCartSF LLC,MARKET ST: FREMONT ST \ FRONT ST to 01ST ST \ BUSH ST (401 - 499) -- SOUTH --,455 MARKET ST,Gyros: Kebabs: soft drinks: and water,37.7909470419234,-122.398633589404
"BOWL'D ACAI, LLC.",BATTERY ST: PINE ST to CALIFORNIA ST (100 - 199),111 BATTERY ST,Acai Bowls: Smoothies: Juices,37.7923667868831,-122.400148306767
Philz Coffee Truck,MONTGOMERY ST: COLUMBUS AVE \ WASHINGTON ST to JACKSON ST (700 - 799),735 MONTGOMERY ST,Hot coffee: iced coffee: hot chocolate: tea: pastries,37.7962154965941,-122.403754558245
Philz Coffee Truck,PINE ST: BATTERY ST to SANSOME ST (200 - 299),250 PINE ST,Hot coffee: iced coffee: hot chocolate: tea: pastries,37.7922955998187,-122.400706897233
Buenafe,MISSISSIPPI ST: 07TH ST \ 16TH ST to 17TH ST (1 - 99),901 16TH ST,Tacos burritos quesadillas tortas pupusas flautas tamales,37.766124694427,-122.39547306227
MOMO INNOVATION LLC,MISSION ST: ANNIE ST to 03RD ST (663 - 699),667 MISSION ST,Noodles: Meat & Drinks,37.7865580501799,-122.40103337535
Truly Food & More,GENEVA AVE: PRAGUE ST to LINDA VISTA STPS (1500 - 1598) -- SOUTH --,1500 GENEVA AVE,Latin Food: Tacos: Pupusas: Vegetables: Salad: Water: Sodas,37.7123026047444,-122.431644190373
Philz Coffee Truck,CALIFORNIA ST: SANSOME ST to LEIDESDORFF ST (400 - 448),401 CALIFORNIA ST,Hot coffee: iced coffee: hot chocolate: tea: pastries,37.7927957415787,-122.401353280931
Street Meet,VALENCIA ST: 14TH ST to ROSA PARKS LN (300 - 337),306 VALENCIA ST,Burritos: Tacos: Tortas: Quesadillas & Various Drinks.,37.7678552693543,-122.422484404162
Zuri Food Facilities,CALIFORNIA ST: LEIDESDORFF ST to MONTGOMERY ST (449 - 499),475 CALIFORNIA ST,Peruvian Food Served Hot,37.792346385148,-122.402385322794
Zuri Food Facilities,02ND ST: STILLMAN ST to BRYANT ST (454 - 499),490 02ND ST,Peruvian Food Served Hot,37.78304609975,-122.39406659923
La Jefa,BAY SHORE BLVD: WATERLOO ST to MARENGO ST (501 - 559) -- EAST --,531 BAY SHORE BLVD,Tacos: burritos: quesadillas: tortas: nachos (refried beans: cheese sauce: salsa fresca): carnes (beef: chicken: marinated pork: fried pork): canned beans: rice: sodas: horchata drinks.,37.7387268039871,-122.406736029905
Philz Coffee Truck,MARINA BLVD: LAGUNA ST to BEACH ST \ BUCHANAN ST \ LOWER FORT MASON ST (1 - 99),15 MARINA BLVD,Hot coffee: iced coffee: hot chocolate: tea: pastries,37.8045778690901,-122.433010774343
Philz Coffee Truck,SUTTER ST: POWELL ST to MASON ST (500 - 599),556 SUTTER ST,Hot coffee: iced coffee: hot chocolate: tea: pastries,37.7893854510391,-122.409591260467
Zuri Food Facilities,SPEAR ST: MISSION ST to HOWARD ST (100 - 199),100 SPEAR ST,Peruvian Food Served Hot,37.7921505484817,-122.393999974059
Tacos Rodriguez,EVANS AVE: KEITH ST to MENDELL ST (1201 - 1399) -- SOUTH --,1275 EVANS AVE,Tacos: burritos: quesadillas: soda & water,37.739111429745,-122.382464971136
Tacos Rodriguez,OAKDALE AVE: INDUSTRIAL ST \ SELBY ST to TOLAND ST (2100 - 2199),2198 OAKDALE AVE,Tacos: burritos: quesadillas: soda & water,37.7409947350024,-122.401172335386
Tacos Rodriguez,MENDELL ST: GALVEZ AVE to HUDSON AVE (600 - 699),600 MENDELL ST,Tacos: burritos: quesadillas: soda & water,37.7396787918079,-122.386493384555
Senor Sisig,CALIFORNIA ST: DAVIS ST to FRONT ST (100 - 199),101 CALIFORNIA ST,Senor Sisig: Filipino fusion food: tacos: burritos: nachos: rice plates. Various beverages.,37.7929489528347,-122.398098613167
Senor Sisig,ELLIS ST: POWELL ST to CYRIL MAGNIN ST (100 - 148),120 ELLIS ST,Filipino fusion food: taco: burrito: nachos: rice plates,37.7856100863691,-122.408154764345
Think is Good Inc.,CALIFORNIA ST: SANSOME ST to LEIDESDORFF ST (400 - 448),430 CALIFORNIA ST,Lobster rolls: crab rolls: lobster burritos: crab burritos: chicken burritos: fish burritos: chicken burritos: poke bowls: soups: chips & soda.,37.7932622069231,-122.401789091363
Tacos Rodriguez,SANSOME ST: SUTTER ST to BUSH ST (1 - 99),1 SANSOME ST,Tacos: burritos: quesadillas: soda & water,37.790485146128,-122.40094044069
Zuri Food Facilities,MARIPOSA ST: ARKANSAS ST to CAROLINA ST (1500 - 1699),1601 MARIPOSA ST,Peruvian Food Served Hot,0,0
Think is Good Inc.,MISSION ST: SHAW ALY to ANTHONY ST (543 - 586),560 MISSION ST,Lobster rolls: crab rolls: lobster burritos: crab burritos: chicken burritos: fish burritos: chicken burritos: poke bowls: soups: chips & soda.,37.788864715343,-122.399359351363
Quan Catering,BURKE AVE: START: 1500-1599 BLOCK to 03RD ST (1500 - 1599),1575 BURKE AVE,Cold Truck: Soft drinks: cup cakes: potato chips: cookies: gum: sandwiches (hot & cold): peanuts: muffins: coff (hot & cold): water: juice: yoplait: milk: orange juice: sunflower seeds: can foods: burritos: buscuits: chimichangas: rice krispies,37.7441784473757,-122.386715929759
Liang Bai Ping,PALOU AVE: PALOU AVE to GRIFFITH ST (904 - 999),Assessors Block /Lot,Cold Truck: Pre-packaged sandwiches: snacks: fruit: various beverages,0,0
Reecees Soulicious,BAY SHORE BLVD: BAY SHORE BLVD to OAKDALE AVE (185 - 299) -- EAST --,201 BAY SHORE BLVD,Fried Chicken: Fried Fish: Greens: Mac & Cheese: Peach Cobbler: and String beans,37.7453089086563,-122.403420059999
Mini Mobile Food Catering,FREMONT ST: TRANSBAY HUMP to NATOMA ST (116 - 169),147 FREMONT ST,Cold Truck: Corn Dogs: Noodle Soups: Candy: Pre-packaged Snacks: Sandwiches: Chips: Coffee: Tea: Various Beverages,37.7901855706334,-122.395471725809
Got Snacks,03RD ST: TERRY A FRANCOIS BLVD to CHANNEL ST (1000 - 1099),1020 03RD ST,sunflower seeds: crackerjacks: bottled water: peanuts: candy,37.7755101380495,-122.390999306002
The Chef Station,10TH ST: FELL ST \ MARKET ST \ POLK ST to STEVENSON ST (1 - 18),8 10TH ST,South American/Peruvian food,37.7758255197583,-122.417249626643
California Kahve,LA PLAYA: LINCOLN WAY \ MARTIN LUTHER KING JR DR to IRVING ST (1200 - 1299),1234 GREAT HWY,Drip Coffee: Espresso Drinks: Matcha Green Tea: Black Teas: Herbal Teas: Crossaints: Savory and Sweet Breads,37.763608041102,-122.509595796246
Scotch Bonnet,01ST ST: STEVENSON ST to JESSIE ST (21 - 56),50 01ST ST,Jerk chicken: curry chicken: curry goat: curry dhal: Burritos: Fish: Ox tails: rice: beans: veggies.,37.7901490737255,-122.398658184604
Liang Bai Ping,PALOU AVE: PALOU AVE to GRIFFITH ST (904 - 999),931 PALOU AVE,Cold Truck: Pre-packaged sandwiches: snacks: fruit: various beverages,37.7267339112416,-122.378972005236
Senor Sisig,FRONT ST: BROADWAY to VALLEJO ST (800 - 899),90 BROADWAY,Various menu items & drinks,37.7992601135023,-122.399617948655
Senor Sisig,PINE ST: SANSOME ST to CENTURY PL (300 - 340),300 PINE ST,Filipino fusion food: tacos: burritos: nachos: rice plates. Various beverages.,0,0
Senor Sisig,02ND ST: MISSION ST to MINNA ST (100 - 130),120 02ND ST,Filipino fusion food: taco: burrito: nachos: rice plates,37.7875140607381,-122.399566331429
Senor Sisig,MISSION ST: 05TH ST to MINT ST (900 - 930),901 MISSION ST,Senor Sisig: Filipino fusion food: tacos: burritos: nachos: rice plates. Various beverages.,37.7821536409985,-122.406601106839
Senor Sisig,BROADWAY: DAVIS ST to FRONT ST (50 - 99),90 BROADWAY,Senor Sisig: Filipino fusion food: tacos: burritos: nachos: rice plates. Various beverages.Chairman Bao: Vegetable and meat sandwiches filled with Asian-flavored meats and vegetables.,37.7992601135023,-122.399617948655
Senor Sisig,10TH ST: FELL ST \ MARKET ST \ POLK ST to STEVENSON ST (1 - 18),8 10TH ST,Senor Sisig: Filipino fusion food: tacos: burritos: nachos: rice plates. Various beverages.Chairman Bao: Vegetable and meat sandwiches filled with Asian-flavored meats and vegetables.,37.7758255197583,-122.417249626643
Think is Good Inc.,PINE ST: FRONT ST to BATTERY ST (100 - 199),100 PINE ST,Lobster rolls: crab rolls: lobster burritos: crab burritos: chicken burritos: fish burritos: chicken burritos: poke bowls: soups: chips & soda.,37.7926407167336,-122.398970332111
"Off the Grid Services, LLC",MARY ST: MINNA ST to NATOMA ST (24 - 69),44 MARY ST,Multiple Food Trucks & Food Types,37.7813723676486,-122.406619213446
Bonito Poke,ILLINOIS ST: 16TH ST to MARIPOSA ST \ TERRY A FRANCOIS BLVD (400 - 599),409 ILLINOIS ST,Bonito Poke Bowls & Various Drinks,37.7662450471029,-122.387356286511
Natan's Catering,POTRERO AVE: 10TH ST \ BRANNAN ST \ DIVISION ST to ALAMEDA ST (1 - 99),66 POTRERO AVE,Burgers: melts: hot dogs: burritos:sandwiches: fries: onion rings: drinks,37.7685432890242,-122.408492892439
Natan's Catering,ILLINOIS ST: MARIPOSA ST \ TERRY A FRANCOIS BLVD to 18TH ST (600 - 699),Assessors Block 3941/Lot001,Burgers: melts: hot dogs: burritos:sandwiches: fries: onion rings: drinks,37.764741322675,-122.387124812179
Natan's Catering,,Assessors Block 5216/Lot030,Burgers: melts: hot dogs: burritos:sandwiches: fries: onion rings: drinks,37.7454064294164,-122.390081224847
Natan's Catering,QUINT ST: ARTHUR AVE to CUSTER AVE (1 - 199),50 QUINT ST,Burgers: melts: hot dogs: burritos:sandwiches: fries: onion rings: drinks,37.7464705066471,-122.388990808654
Natan's Catering,CONNECTICUT ST: 17TH ST to MARIPOSA ST (100 - 199),146 CONNECTICUT ST,Burgers: melts: hot dogs: burritos:sandwiches: fries: onion rings: drinks,37.7644472955619,-122.397987371508
Natan's Catering,ALEMANY BLVD: FOLSOM ST to ELLSWORTH ST \ I-280 S OFF RAMP \ I-280 S ON RAMP (400 - 498) -- NORTH --,400 ALEMANY BLVD,Burgers: melts: hot dogs: burritos:sandwiches: fries: onion rings: drinks,37.7331423951426,-122.414568632419
Natan's Catering,,Assessors Block 8722/Lot001,Burgers: melts: hot dogs: burritos:sandwiches: fries: onion rings: drinks,37.7679955456855,-122.387549426547
Natan's Catering,HARRISON ST: 26TH ST to KAMILLE CT (3000 - 3048),3040 HARRISON ST,Burgers: melts: hot dogs: burritos:sandwiches: fries: onion rings: drinks,37.7488480565663,-122.412618994655
Natan's Catering,,Assessors Block 4046/Lot001,Burgers: melts: hot dogs: burritos:sandwiches: fries: onion rings: drinks,37.7620084580302,-122.385441811568
Natan's Catering,MENDELL ST: CARGO WAY to NEWHALL ST (1 - 199),151 MENDELL ST,Burgers: melts: hot dogs: burritos:sandwiches: fries: onion rings: drinks,37.7428202346759,-122.382847355518
Natan's Catering,,Assessors Block 4227/Lot012,Burgers: melts: hot dogs: burritos:sandwiches: fries: onion rings: drinks,37.7531551067155,-122.391174184456
Natan's Catering,MISSION BAY BLVD SOUTH: 03RD ST \ MISSION BAY BLVD to 04TH ST \ MISSION BAY BLVD (501 - 599),Assessors Block 8732/Lot001,Burgers: melts: hot dogs: burritos:sandwiches: fries: onion rings: drinks,37.7707029760975,-122.390790355566
Natan's Catering,MARIN ST: START: 800-949 BLOCK to MICHIGAN ST (800 - 899),888 MARIN ST,Burgers: melts: hot dogs: burritos:sandwiches: fries: onion rings: drinks,37.749458329027,-122.385081339678
Natan's Catering,,Assessors Block 5369/Lot003,Burgers: melts: hot dogs: burritos:sandwiches: fries: onion rings: drinks,37.7381177715919,-122.404418467212
"Chairman SF, LLC",CALIFORNIA ST: SANSOME ST to LEIDESDORFF ST (400 - 448),400 CALIFORNIA ST,Baos: bowls & drinks,0,0
Natan's Catering,HARRISON ST: MERLIN ST to OAK GROVE ST (924 - 950),950 HARRISON ST,Burgers: melts: hot dogs: burritos:sandwiches: fries: onion rings: drinks,37.7783886157866,-122.403191783229
Natan's Catering,MISSOURI ST: 20TH ST to SIERRA ST (500 - 630),555 MISSOURI ST,Burgers: melts: hot dogs: burritos:sandwiches: fries: onion rings: drinks,37.7593037663834,-122.395902231236
Natan's Catering,,Assessors Block 5598/Lot031,Burgers: melts: hot dogs: burritos:sandwiches: fries: onion rings: drinks,37.740303872806,-122.406059743494
Natan's Catering,,Assessors Block 4103/Lot023A,Burgers: melts: hot dogs: burritos:sandwiches: fries: onion rings: drinks,37.7583033956425,-122.393514054817
Natan's Catering,,435 23RD ST,Burgers: melts: hot dogs: burritos:sandwiches: fries: onion rings: drinks,37.7550307267667,-122.384530734223
Natan's Catering,BURKE AVE: START: 1500-1599 BLOCK to 03RD ST (1500 - 1599),1580 BURKE AVE,Burgers: melts: hot dogs: burritos:sandwiches: fries: onion rings: drinks,37.7447521916164,-122.385679248721
Natan's Catering,,Assessors Block 8722/Lot003,Burgers: melts: hot dogs: burritos:sandwiches: fries: onion rings: drinks,37.7674330173312,-122.392149114172
Natan's Catering,07TH ST: HOOPER ST to IRWIN ST (1100 - 1199),1140 07TH ST,Burgers: melts: hot dogs: burritos:sandwiches: fries: onion rings: drinks,37.7682493867935,-122.398430650214
Natan's Catering,17TH ST: MISSION ST to HOFF ST (3300 - 3343),3335 17TH ST,Burgers: melts: hot dogs: burritos:sandwiches: fries: onion rings: drinks,37.7631563932265,-122.420322231526
Natan's Catering,,1650 03RD ST,Burgers: melts: hot dogs: burritos:sandwiches: fries: onion rings: drinks,37.7691244121681,-122.391474911246
Natan's Catering,03RD ST: MARIN ST to ARTHUR AVE \ CARGO WAY (3201 - 3399) -- EAST --,3201 03RD ST,Burgers: melts: hot dogs: burritos:sandwiches: fries: onion rings: drinks,37.7484453388377,-122.38687903198
Natan's Catering,EVANS AVE: RANKIN ST to SELBY ST (1800 - 1890),1801 EVANS AVE,Burgers: melts: hot dogs: burritos:sandwiches: fries: onion rings: drinks,37.7445911950917,-122.393076880858
Bonito Poke,01ST ST: HOWARD ST to TEHAMA ST (200 - 231),505 HOWARD ST,Bonito Poke Bowls & Various Drinks,37.7879886489953,-122.396100668472
Natan's Catering,16TH ST: 04TH ST to OWENS ST (600 - 699),600 16TH ST,Burgers: melts: hot dogs: burritos:sandwiches: fries: onion rings: drinks,37.7674662871447,-122.390860289431
Natan's Catering,,Assessors Block 7295/Lot022,Burgers: melts: hot dogs: burritos:sandwiches: fries: onion rings: drinks,37.7300036831892,-122.478186325415
Natan's Catering,CESAR CHAVEZ ST: 03RD ST to TENNESSEE ST (1000 - 1099),Assessors Block 4315/Lot03008,Burgers: melts: hot dogs: burritos:sandwiches: fries: onion rings: drinks,0,0
Natan's Catering,25TH ST: MARYLAND ST to MICHIGAN ST (400 - 699),Assessors Block 4241/Lot002,Burgers: melts: hot dogs: burritos:sandwiches: fries: onion rings: drinks,37.7533400011811,-122.384128384237
Natan's Catering,EVANS AVE: NAPOLEON ST \ TOLAND ST to MARIN ST (2000 - 2099),2045 EVANS AVE,Burgers: melts: hot dogs: burritos:sandwiches: fries: onion rings: drinks,37.7477720916075,-122.397031718978
Natan's Catering,,Assessors Block 4172/Lot010,Burgers: melts: hot dogs: burritos:sandwiches: fries: onion rings: drinks,37.7571245603861,-122.388529515257
Natan's Catering,26TH ST: RHODE ISLAND ST to KANSAS ST (2200 - 2299),Assessors Block 4281a/Lot012A,Burgers: melts: hot dogs: burritos:sandwiches: fries: onion rings: drinks,37.7507607694601,-122.401540291357
Wu Wei LLC dba MoBowl,STEUART LN: HOWARD ST \ STEUART ST to END: 200-249 BLOCK (1 - 99),75 HOWARD ST,Various types of meat: veggie: and seafood bowls.,37.7915578641549,-122.391671499786
Natan's Catering,03RD ST: 18TH ST to 19TH ST (2101 - 2199) -- EAST --,2101 03RD ST,Burgers: melts: hot dogs: burritos:sandwiches: fries: onion rings: drinks,0,0
Natan's Catering,,Assessors Block 4058/Lot010,Burgers: melts: hot dogs: burritos:sandwiches: fries: onion rings: drinks,37.7611829945051,-122.388118704077
Natan's Catering,KANSAS ST: 16TH ST to 17TH ST (300 - 399),350 KANSAS ST,Burgers: melts: hot dogs: burritos:sandwiches: fries: onion rings: drinks,37.7653706693171,-122.403907848212
Natan's Catering,ILLINOIS ST: 25TH ST to ILLINOIS ST (1500 - 1599),Assessors Block 4296/Lot010,Burgers: melts: hot dogs: burritos:sandwiches: fries: onion rings: drinks,37.7524049924783,-122.387000196298
"Bay Area Mobile Catering, Inc. dba. Taqueria Angelica's",25TH ST: ALABAMA ST to HARRISON ST (3042 - 3099),3065 25TH ST,Tacos: burritos: soda & juice,37.7509316476402,-122.411419966206
"Bay Area Mobile Catering, Inc. dba. Taqueria Angelica's",FOLSOM ST: 11TH ST to NORFOLK ST (1500 - 1548),1501 FOLSOM ST,Tacos: burritos: soda & juice,37.7715867026703,-122.414007043024
"Bay Area Mobile Catering, Inc. dba. Taqueria Angelica's",CESAR CHAVEZ ST: INDIANA ST to IOWA ST (1300 - 1399),1301 CESAR CHAVEZ ST,Tacos: Burritos: Tortas: Quesadillas: Sodas: Chips: Candy,37.7492558595291,-122.390975379577
"Bay Area Mobile Catering, Inc. dba. Taqueria Angelica's",MISSION ST: 10TH ST to 11TH ST (1400 - 1499),1455 MARKET ST,Tacos: burritos: soda & juice,37.775228307834,-122.41746613187
Plaza Garibaldy,MONTGOMERY ST: POST ST to SUTTER ST (1 - 99),1 MONTGOMERY ST,Tacos: burritos: quesadillas,37.7892495340751,-122.402418597294
Plaza Garibaldy,CALIFORNIA ST: LEIDESDORFF ST to MONTGOMERY ST (449 - 499),475 CALIFORNIA ST,Tacos: burritos: quesadillas,37.792346385148,-122.402385322794
Bonito Poke,HOWARD ST: FREMONT ST to 01ST ST (400 - 499),400 HOWARD ST,Bonito Poke Bowls & Various Drinks,37.7891192076677,-122.395881039335
Bonito Poke,01ST ST: HOWARD ST to TEHAMA ST (200 - 231),505 HOWARD ST,Bonito Poke Bowls & Various Drinks,37.7879886489953,-122.396100668472
Bonito Poke,CALIFORNIA ST: SANSOME ST to LEIDESDORFF ST (400 - 448),430 CALIFORNIA ST,Bonito Poke Bowls & Various Drinks,37.7932622069231,-122.401789091363
Plaza Garibaldy,HOWARD ST: 01ST ST to MALDEN ALY (500 - 589),540 HOWARD ST,Tacos: burritos: quesadillas,37.7879549596858,-122.397236543731
"Halal Cart, LLC",MARKET ST: STEUART ST to SPEAR ST (1 - 99) -- SOUTH --,1 MARKET ST,kebabs: halal gyro: grilled halal meat: refreshments,37.7938715071506,-122.394865238621
Kid Abelha - Brazilian Hamburgers,NAPOLEON ST: EVANS AVE \ TOLAND ST to JERROLD AVE (25 - 299),2045 EVANS AVE,Brazilian Hamburgers,37.7477720916075,-122.397031718978
San Francisco's Hometown Creamery,GEARY ST: STOCKTON ST to POWELL ST (200 - 299),281 GEARY ST,Ice Cream & Waffle Cones,37.7871364910861,-122.407718509001
"San Francisco Carts & Concessions, Inc. DBA Stanley's Steamers Hot Dogs",GEARY ST: STOCKTON ST to POWELL ST (200 - 299),251 GEARY ST,Hot dogs: condiments: soft pretzels: soft drinks: coffee: cold beverages: pastries: bakery goods: cookies: ice cream: candy: soups: churros: chestnuts: nuts: fresh fruit: fruit juices: desserts: potato chips and popcorn.,37.7871762917416,-122.407398075958
El Alambre,FRANKLIN ST: MYRTLE ST to GEARY BLVD (1150 - 1199),1188 FRANKLIN ST,Tacos: Burritos: Quesadillas: Nachos Alambres: Choice of Meat: Carne Asada: Carnitas: Pollo: Al Pastor Camarones,37.7852719490668,-122.422603585164
CARDONA'S FOOD TRUCK,MISSION ST: 14TH ST to 15TH ST (1800 - 1899),1888 MISSION ST,Tacos: Burritos: Quesadillas: Various Drinks,37.7668976025592,-122.420322473068
Liang Bai Ping,OFARRELL ST: BRODERICK ST to SAINT JOSEPHS AVE (2200 - 2299),2200 OFARRELL ST,Cold Truck: Pre-packaged sandwiches: snacks: fruit: various beverages,0,0
F & C Catering,TENNESSEE ST: TENNESSEE ST to 26TH ST (1500 - 1599),1500 TENNESSEE ST,Cold Truck: Hot/Cold Sandwiches: Water: Soda: Juice: Snacks: Milk: Candies: Canned Food: Soups: Cup of Noodles: Fruit: Salad,37.7522416684803,-122.389188542589
El Gallo Jiro,23RD ST: TREAT AVE to FOLSOM ST (3052 - 3099),3055 23RD ST,Burritos: Giros: Tortas: Quesadillas: Tacos & Various Beverages,37.7539277357265,-122.413323129618
Singh Brothers Ice Cream,QUESADA AVE: CRISP RD to HAWES ST (1170 - 1199),1191 QUESADA AVE,Ice Cream: Pre-Packaged Chips: Candies: Bottled Water & Canned SODA,37.7277444907011,-122.382107375242
Esmeli Catering,HOOPER ST: 07TH ST to 08TH ST (100 - 199),Assessors Block /Lot,tacos: burritos: quesadilla: tortas sodas,0,0
El Tonayense #60,HARRISON ST: MISTRAL ST to 20TH ST (2345 - 2399),2355 FOLSOM ST,Tacos: Burritos: Tortas: Quesadillas: Drinks,0,0
Truly Food & More,01ST ST: HOWARD ST to TEHAMA ST (200 - 231),505 HOWARD ST,Latin Food: Tacos: Pupusas: Vegetables: Salad: Waters: Sodas,37.7879886489953,-122.396100668472
F & C Catering,MINNESOTA ST: 23RD ST to 24TH ST (1200 - 1299),1275 MINNESOTA ST,Cold Truck: Hot/Cold Sandwiches: Water: Soda: Juice: Snacks: Milk: Candies: Canned Food: Soups: Cup of Noodles: Fruit: Salad,37.7542517088937,-122.38938122888
San Francisco's Hometown Creamery,POST ST: STOCKTON ST to POWELL ST (300 - 399),340 POST ST,Ice Cream: Waffle Cones,37.7886969986403,-122.40747042037
San Francisco's Hometown Creamery,PINE ST: SANSOME ST to CENTURY PL (300 - 340),301 PINE ST,Ice cream & Waffle cones,37.7918342630555,-122.401279616596
Golden Gate Halal Food,MARKET ST: 07TH ST \ CHARLES J BRENHAM PL to 08TH ST \ GROVE ST \ HYDE ST (1101 - 1199) -- SOUTH --,1169 MARKET ST,Pulao Plates & Sandwiches: Various Drinks,0,0
El Alambre,14TH ST: FOLSOM ST to SHOTWELL ST (100 - 150),1800 FOLSOM ST,Tacos: Burritos: Quesadillas: Tortas,37.7678524427181,-122.416104892532
F & C Catering,03RD ST: 24TH ST to 25TH ST (2800 - 2898) -- WEST --,2800 03RD ST,Cold Truck: Hot/Cold Sandwiches: Water: Soda: Juice: Snacks: Milk: Candies: Canned Food: Soups: Cup of Noodles: Fruit: Salad,37.7537174169021,-122.388359021044
San Francisco's Hometown Creamery,CALIFORNIA ST: SANSOME ST to LEIDESDORFF ST (400 - 448),425 CALIFORNIA ST,Ice Cream: Waffle Cones,37.7927957415787,-122.401353280931
Street Meet,GROVE ST: 08TH ST \ HYDE ST \ MARKET ST to LARKIN ST (1 - 55),30 GROVE ST,Burritos: Tacos: Quesadillas: Tortas: Carne Asada Fries and various drinks,37.779159119969,-122.415807882427
El Alambre,SHOTWELL ST: 14TH ST to 15TH ST (1 - 99),1800 FOLSOM ST,Tacos: Burritos: Quesadillas: Tortas,37.7678524427181,-122.416104892532
San Francisco's Hometown Creamery,POST ST: MONTGOMERY ST to LICK PL (1 - 40),1 MONTGOMERY ST,Ice Cream: Waffle Cones,37.7892495340751,-122.402418597294
Papalote Inc.,SPEAR ST: MARKET ST to MISSION ST (1 - 99),60 SPEAR ST,Mexican,2116583.43,37.7925359884311
DO UC US Mobile Catering,04TH ST: MISSION BAY BLVD to NELSON RISING LN (1400 - 1499),1420 04TH ST,Cold truck: sandwiches: salads: beverages: chips: candy: cookies: coffee: tea: drinks,37.7698977488961,-122.391098279635
Street Meet,LARKIN ST: GROVE ST to FULTON ST (100 - 199),100 LARKIN ST,Burritos: Tacos: Quesadillas: Tortas: Carne Asada Fries and various drinks,37.779159119969,-122.415807882427
Wu Wei LLC dba MoBowl,FRONT ST: VALLEJO ST to GREEN ST (900 - 999),900 FRONT ST,Various types of meat: veggie: and seafood bowls.,37.8002209155922,-122.399569018577
DO UC US Mobile Catering,MARIN ST: KANSAS ST to HWY 101 N ON RAMP (2500 - 2599),2590 MARIN ST,Cold truck: sandwiches: salads: beverages: chips: candy: cookies: coffee: tea: drinks,37.7483758257779,-122.403200626496
DO UC US Mobile Catering,PARNASSUS AVE: HILLWAY AVE to 03RD AVE (400 - 599),400 PARNASSUS AVE,Cold truck: sandwiches: salads: beverages: chips: candy: cookies: coffee: tea: drinks,37.7638640323832,-122.458391749844
Papalote Inc.,01ST ST: HOWARD ST to TEHAMA ST (200 - 231),505 HOWARD ST,Mexican,2114936.80369,37.7879886489953
DO UC US Mobile Catering,03RD ST: MISSION BAY BLVD to WARRIORS WAY (1401 - 1599) -- EAST --,1501 03RD ST,Cold truck: sandwiches: salads: beverages: chips: candy: cookies: coffee: tea: drinks,37.7708922310318,-122.389169231483
Wu Wei LLC dba MoBowl,HOWARD ST: 01ST ST to MALDEN ALY (500 - 589),500 HOWARD ST,Various types of meat: veggie: and seafood bowls.,0,0
Flavors of Africa,MISSION ST: SHAW ALY to ANTHONY ST (543 - 586),560 MISSION ST,Meat and vegi rice bowls: meat and vegi salad bowls: meat and vegi wraps: drinks and juices.,37.788864715343,-122.399359351363
Wu Wei LLC dba MoBowl,DRUMM ST: CLAY ST to WASHINGTON ST (200 - 299),253 DRUMM ST,Various types of meat: veggie: and seafood bowls.,37.7961233802521,-122.397273204338
F & C Catering,03RD ST: 24TH ST to 25TH ST (2800 - 2898) -- WEST --,2890 03RD ST,Cold Truck: Hot/Cold Sandwiches: Water: Soda: Juice: Snacks: Milk: Candies: Canned Food: Soups: Cup of Noodles: Fruit: Salad,37.7531087498713,-122.388170202066
Brazuca Grill,FRANCISCO ST: MASON ST to TAYLOR ST (500 - 599),500 FRANCISCO ST,Cold Truck: Sandwiches: Noodles:  Pre-packaged Snacks: Candy: Desserts Various Beverages,37.8050495090589,-122.41433443694
Brazuca Grill,03RD ST: EGBERT AVE to FITZGERALD AVE (6000 - 6170) -- WEST --,6000 03RD ST,Cold Truck: Sandwiches: Noodles:  Pre-packaged Snacks: Candy: Desserts Various Beverages,37.7239799038929,-122.395903454913
tacos y pupusas los trinos,MISSION ST: AVALON AVE to COTTER ST (4368 - 4439),4384 MISSION ST,,37.7275665375917,-122.432969701989
Brazuca Grill,ELM ST: FRANKLIN ST to GOUGH ST (300 - 399),368 ELM ST,Cold Truck: Sandwiches: Noodles:  Pre-packaged Snacks: Candy: Desserts Various Beverages,37.7813800275549,-122.423143845506
Treats by the Bay LLC,MARKET ST: STEUART ST to SPEAR ST (1 - 99) -- SOUTH --,1 MARKET ST,Ice Cream: Donuts,37.7938715071506,-122.394865238621
Brazuca Grill,MARIPOSA ST: PENNSYLVANIA AVE to MISSISSIPPI ST (1000 - 1099),1040 MARIPOSA ST,Cold Truck: Sandwiches: Noodles:  Pre-packaged Snacks: Candy: Desserts Various Beverages,37.7642023783019,-122.39428524234
F & C Catering,,Assessors Block /Lot,Cold Truck: Hot/Cold Sandwiches: Water: Soda: Juice: Snacks: Milk: Candies: Canned Food: Soups: Cup of Noodles: Fruit: Salad,0,0
F & C Catering,MINNESOTA ST: 20TH ST to 22ND ST (800 - 999),900 MINNESOTA ST,Cold Truck: Hot/Cold Sandwiches: Water: Soda: Juice: Snacks: Milk: Candies: Canned Food: Soups: Cup of Noodles: Fruit: Salad,0,0
F & C Catering,25TH ST: MICHIGAN ST to ILLINOIS ST (700 - 799),700 25TH ST,Cold Truck: Hot/Cold Sandwiches: Water: Soda: Juice: Snacks: Milk: Candies: Canned Food: Soups: Cup of Noodles: Fruit: Salad,37.7533808099749,-122.386367685857
Brazuca Grill,CESAR CHAVEZ ST: EVANS AVE to KANSAS ST (2100 - 2550),2150 CESAR CHAVEZ ST,Cold Truck: Sandwiches: Noodles:  Pre-packaged Snacks: Candy: Desserts Various Beverages,37.7502368847791,-122.397818031719
Brazuca Grill,FOLSOM ST: ERIE ST to 14TH ST (1718 - 1799),1750 FOLSOM ST,Cold Truck: Sandwiches: Noodles:  Pre-packaged Snacks: Candy: Desserts Various Beverages,37.7689035205665,-122.415981174601
Lerso,MISSION ST: 10TH ST to 11TH ST (1400 - 1499),1450 MISSION ST,Pernil Asado: Ropa Vieja: Arroz con Pollo: Cuban Sandwich: Croquetas Fritas: Tostones: Platanos Maduros: Yuca Frita,37.775228307834,-122.41746613187
Brazuca Grill,03RD ST: CESAR CHAVEZ ST to MARIN ST (3100 - 3199),3150 03RD ST,Cold Truck: Sandwiches: Noodles:  Pre-packaged Snacks: Candy: Desserts Various Beverages,37.7494429376003,-122.387985532504
Brazuca Grill,INDIANA ST: 20TH ST to 22ND ST (800 - 999),951 INDIANA ST,Cold Truck: Sandwiches: Noodles:  Pre-packaged Snacks: Candy: Desserts Various Beverages,37.7587861623056,-122.390958398693
F & C Catering,PENNSYLVANIA AVE: 22ND ST to 23RD ST (700 - 899),898 PENNSYLVANIA AVE,Cold Truck: Hot/Cold Sandwiches: Water: Soda: Juice: Snacks: Milk: Candies: Canned Food: Soups: Cup of Noodles: Fruit: Salad,37.7555344716039,-122.393925277539
Wu Wei LLC dba MoBowl,WASHINGTON ST: THE EMBARCADERO to DRUMM ST (1 - 99),370 DRUMM ST,Various types of meat: veggie: and seafood bowls.,37.7969137124835,-122.396650675264
Singh Brothers Ice Cream,BANCROFT AVE: JENNINGS ST to KEITH ST (1500 - 1599),1562 BANCROFT AVE,Ice Cream: Pre-Packaged Chips: Candies: Bottled Water & Canned SODA,37.7254507021723,-122.391991641418
Golden Gate Halal Food,MARKET ST: MASON ST \ TURK ST to 06TH ST \ GOLDEN GATE AVE \ TAYLOR ST (943 - 999) -- SOUTH --,979 MARKET ST,Pulao Plates & Sandwiches: Various Drinks,37.7822807724186,-122.40953118732
Halal Cart of San Francisco,MARKET ST: STEUART ST to SPEAR ST (1 - 99) -- SOUTH --,1 MARKET ST,Halal Gyro over Rice: Halal Chicken over Rice: Halal Gyro: and Chicken Sandwich,37.7938715071506,-122.394865238621
Treats by the Bay LLC,ELLIS ST: POWELL ST to CYRIL MAGNIN ST (100 - 148),120 ELLIS ST,Prepackaged Kettlecorn,37.7856100863691,-122.408154764345
Treats by the Bay LLC,HOWARD ST: MALDEN ALY to 02ND ST (574 - 599),201 02ND ST,Prepackaged Kettlecorn,37.7868016505971,-122.397871635003
Singh Brothers Ice Cream,YOSEMITE AVE: INGALLS ST to JENNINGS ST (1400 - 1499),1420 YOSEMITE AVE,Ice Cream: Pre-Packaged Chips: Candies: Bottled Water & Canned SODA,37.7251817007288,-122.388192688444
"SOHOMEI, LLC",MASONIC AVE: MCALLISTER ST to FULTON ST (500 - 599),500 MASONIC AVE,COLD TRUCK. Deli: bbq chicken skewer: Chinese spring roll: Chinese fried rice/noodle: fried chicken leg/wing: bbq chicken sandwich: chicken cheese burger: burrito: lumpia. Snack: sunflower seeds: muffins: chips: snickers: kit-kat: 10 types of chocolate. Drinks: Coke: 7-Up: Dr. Pepper: Pepsi: Redbull: Vitamin Water: Rockstar: Coconut Juice: Water. Hot drinks: coffee: tea.,37.7765500428191,-122.446307635558
"SOHOMEI, LLC",CESAR CHAVEZ ST: SOUTH VAN NESS AVE to CAPP ST \ MISSION ST (3300 - 3398) -- NORTH --,3300 CESAR CHAVEZ ST,COLD TRUCK. Deli: bbq chicken skewer: Chinese spring roll: Chinese fried rice/noodle: fried chicken leg/wing: bbq chicken sandwich: chicken cheese burger: burrito: lumpia. Snack: sunflower seeds: muffins: chips: snickers: kit-kat: 10 types of chocolate. Drinks: Coke: 7-Up: Dr. Pepper: Pepsi: Redbull: Vitamin Water: Rockstar: Coconut Juice: Water. Hot drinks: coffee: tea.,37.7485497942591,-122.416170662008
Serendipity SF,CALIFORNIA ST: SANSOME ST to LEIDESDORFF ST (400 - 448),400 CALIFORNIA ST,Meatloaf: Grilled Cheese: Chicken Sandwich: Caprese Salad: Kale Salad: Fries: Sweet Potato Fries: Mac and Cheese: Mashed Potatoes,37.793304275561,-122.401458998413
CC Acquisition LLC,MARKET ST: 01ST ST \ BUSH ST to 02ND ST (501 - 599) -- SOUTH --,525 MARKET ST,Chai Tea,37.7904067199405,-122.399275886086
Singh Brothers Ice Cream,HARBOR RD: NORTHRIDGE RD to INGALLS ST (1 - 299),297 HARBOR RD,Ice Cream: Pre-Packaged Chips: Candies: Bottled Water & Canned SODA,37.7334388116408,-122.380467549518
"SOHOMEI, LLC",MISSION ST: 07TH ST to ANGELOS ALY \ JULIA ST (1100 - 1165),1118 MISSION ST,COLD TRUCK. Deli: bbq chicken skewer: Chinese spring roll: Chinese fried rice/noodle: fried chicken leg/wing: bbq chicken sandwich: chicken cheese burger: burrito: lumpia. Snack: sunflower seeds: muffins: chips: snickers: kit-kat: 10 types of chocolate. Drinks: Coke: 7-Up: Dr. Pepper: Pepsi: Redbull: Vitamin Water: Rockstar: Coconut Juice: Water. Hot drinks: coffee: tea.,37.7791572053411,-122.411615430519
"SOHOMEI, LLC",CLAY ST: BATTERY ST to SANSOME ST (400 - 499),432 CLAY ST,COLD TRUCK. Deli: bbq chicken skewer: Chinese spring roll: Chinese fried rice/noodle: fried chicken leg/wing: bbq chicken sandwich: chicken cheese burger: burrito: lumpia. Snack: sunflower seeds: muffins: chips: snickers: kit-kat: 10 types of chocolate. Drinks: Coke: 7-Up: Dr. Pepper: Pepsi: Redbull: Vitamin Water: Rockstar: Coconut Juice: Water. Hot drinks: coffee: tea.,37.7951055609814,-122.400876633726
SPUNBYSS,02ND ST: TEHAMA ST to CLEMENTINA ST (224 - 273),240 02ND ST,American classic slider:  fried chicken slider: fried chicken skin: wedge cut fries: regular cut fries: handcrafted sodas: spring salad,37.7859403201734,-122.397799933858
Singh Brothers Ice Cream,PENINSULA AVE: BLANKEN AVE to LATHROP AVE (300 - 399),360 PENINSULA AVE,Ice Cream: Pre-Packaged Chips: Candies: Bottled Water & Canned SODA,37.7108412835853,-122.399642614963
Singh Brothers Ice Cream,KISKA RD: DORMITORY RD \ KIRKWOOD AVE to REARDON RD (141 - 199),195 KISKA RD,Ice Cream: Pre-Packaged Chips: Candies: Bottled Water & Canned SODA,37.729438288454,-122.376657800723
Tacos El Primo,QUINT ST: DAVIDSON AVE to EVANS AVE (300 - 399),1700 EVANS AVE,Mexican food: tacos: burritos: tortas: various meat and chicken and fish plate: chile relleno plate: fish plate: bread: flan: rice pudding: bread: fruit juice: vegetable juice: coffee: tea,37.744889286143,-122.390971976935
"SOHOMEI, LLC",THOMAS MORE WAY: BROTHERHOOD WAY \ CHUMASERO DR to SAN FRANCISCO GOLF CLUB RD (1 - 99),1 THOMAS MORE WAY,COLD TRUCK. Deli: bbq chicken skewer: Chinese spring roll: Chinese fried rice/noodle: fried chicken leg/wing: bbq chicken sandwich: chicken cheese burger: burrito: lumpia. Snack: sunflower seeds: muffins: chips: snickers: kit-kat: 10 types of chocolate. Drinks: Coke: 7-Up: Dr. Pepper: Pepsi: Redbull: Vitamin Water: Rockstar: Coconut Juice: Water. Hot drinks: coffee: tea.,37.7100033342894,-122.471411913129
Singh Brothers Ice Cream,GRIFFITH ST: INGERSON AVE to JAMESTOWN AVE (2900 - 2999),2900 GRIFFITH ST,Ice Cream: Pre-Packaged Chips: Candies: Bottled Water & Canned SODA,37.716991290324,-122.38959908417
"SOHOMEI, LLC",PINE ST: POLK ST to VAN NESS AVE (1500 - 1599),1540 PINE ST,COLD TRUCK. Deli: bbq chicken skewer: Chinese spring roll: Chinese fried rice/noodle: fried chicken leg/wing: bbq chicken sandwich: chicken cheese burger: burrito: lumpia. Snack: sunflower seeds: muffins: chips: snickers: kit-kat: 10 types of chocolate. Drinks: Coke: 7-Up: Dr. Pepper: Pepsi: Redbull: Vitamin Water: Rockstar: Coconut Juice: Water. Hot drinks: coffee: tea.,37.7898269187633,-122.421126289056
Munch India,CALIFORNIA ST: SANSOME ST to LEIDESDORFF ST (400 - 448),400 CALIFORNIA ST,Daily rotating menus consisting of various local & organic vegetable: poultry: meat: seafood : rice & bread dishes.,37.793304275561,-122.401458998413
Singh Brothers Ice Cream,HOLLISTER AVE: HAWES ST to INGALLS ST (1000 - 1099),1000 HOLLISTER AVE,Ice Cream: Pre-Packaged Chips: Candies: Bottled Water & Canned SODA,37.7189398190959,-122.390517872066
Singh Brothers Ice Cream,INGERSON AVE: JENNINGS ST to 03RD ST (1100 - 1199),1173 INGERSON AVE,Ice Cream: Pre-Packaged Chips: Candies: Bottled Water & Canned SODA,37.7204493626594,-122.395915014237
Tacos El Primo,JENNINGS ST: WALLACE AVE to YOSEMITE AVE (2200 - 2299),1495 WALLACE AVE,Mexican food: tacos: burritos: tortas: various meat and chicken and fish plate: chile relleno plate: fish plate: bread: flan: rice pudding: bread: fruit juice: vegetable juice: coffee: tea,37.7259304950399,-122.389215559421
The Huge Hotdog Concession,POLK ST: BUSH ST to AUSTIN ST \ FRANK NORRIS ST (1300 - 1329),1300 POLK ST,Hotdogs: chips: soda: nuts: crackers,37.7888771172666,-122.420091020038
Julie's Hot Dogs,MISSION ST: 14TH ST to 15TH ST (1800 - 1899),1850 MISSION ST,Hot dogs: bacon wrap hot dogs: chicken burgers: energy drinks: water & various drinks,37.7673550213698,-122.420517913829
"Santana ESG, Inc.",SANSOME ST: SUTTER ST to BUSH ST (1 - 99),1 SANSOME ST,Tacos: Burritos: Tortas: Quesadillas: Mexican Drinks: Aguas Frescas,37.790485146128,-122.40094044069
Singh Brothers Ice Cream,DONNER AVE: INGALLS ST to JENNINGS ST (1400 - 1499),1475 DONNER AVE,Ice Cream: Pre-Packaged Chips: Candies: Bottled Water & Canned SODA,37.7227936887593,-122.391719666472
Julie's Hot Dogs,MISSION ST: 17TH ST to CLARION ALY (2100 - 2131),2101 MISSION ST,Hot dogs: bacon wrap hot dogs: chicken burgers: energy drinks: water & various drinks,37.7631746196338,-122.419009514771
Marengo,WATERLOO ST: MARENGO ST to BAY SHORE BLVD (40 - 99),75 WATERLOO ST,Breakfast - egg: cheese: bacon: tomato: english muffin w/ butter: jam: or nutella: hard boiled eggs: fruit medley: water: coffee: milk: carrot juice: orange juice,37.7386499426562,-122.406186114295
Singh Brothers Ice Cream,NIBBI CT: GILLETTE AVE to END: 1-99 BLOCK (1 - 99),35 NIBBI CT,Ice Cream: Pre-Packaged Chips: Candies: Bottled Water & Canned SODA,37.7104516918675,-122.396149078996
Eli's Hot Dogs,JERROLD AVE: BARNEVELD AVE to JERROLD AVE (2351 - 2369),101 BAY SHORE BLVD,various styles of hot dogs & sausages: chips: breakfast sandwiches: chili: soda: water:,37.7469482955131,-122.403390960313
Singh Brothers Ice Cream,PALOU AVE: HAWES ST to INGALLS ST (1100 - 1199),1101 PALOU AVE,Ice Cream: Pre-Packaged Chips: Candies: Bottled Water & Canned SODA,37.7286714428179,-122.381865088641
"SOHOMEI, LLC",VALENCIA ST: 18TH ST to 19TH ST (700 - 799),740 VALENCIA ST,COLD TRUCK. Deli: bbq chicken skewer: Chinese spring roll: Chinese fried rice/noodle: fried chicken leg/wing: bbq chicken sandwich: chicken cheese burger: burrito: lumpia. Snack: sunflower seeds: muffins: chips: snickers: kit-kat: 10 types of chocolate. Drinks: Coke: 7-Up: Dr. Pepper: Pepsi: Redbull: Vitamin Water: Rockstar: Coconut Juice: Water. Hot drinks: coffee: tea.,37.7609571682785,-122.421824199358
SF Cart Project,MISSION BAY BLVD SOUTH: 03RD ST \ MISSION BAY BLVD to 04TH ST \ MISSION BAY BLVD (501 - 599),535 MISSION BAY BLVD SOUTH,7 Multiple Trucks on rotation (1 on Mission Bay Blvd South & 6 on 4th St).   Serving everything but hot dogs,37.7691244121681,-122.391474911246
"Santana ESG, Inc.",HARRISON ST: 21ST ST to 22ND ST (2500 - 2599),2598 HARRISON ST,Tacos: Burritos: Tortas: Quesadillas: Mexican Drinks: Aguas Frescas,0,0
"SOHOMEI, LLC",MASONIC AVE: MCALLISTER ST to FULTON ST (500 - 599),599 MASONIC AVE,COLD TRUCK. Deli: bbq chicken skewer: Chinese spring roll: Chinese fried rice/noodle: fried chicken leg/wing: bbq chicken sandwich: chicken cheese burger: burrito: lumpia. Snack: sunflower seeds: muffins: chips: snickers: kit-kat: 10 types of chocolate. Drinks: Coke: 7-Up: Dr. Pepper: Pepsi: Redbull: Vitamin Water: Rockstar: Coconut Juice: Water. Hot drinks: coffee: tea.,37.7807231475444,-122.447789640478
"SOHOMEI, LLC",DAVIDSON AVE: QUINT ST to RANKIN ST (1500 - 1599),1580 DAVIDSON AVE,COLD TRUCK. Deli: bbq chicken skewer: Chinese spring roll: Chinese fried rice/noodle: fried chicken leg/wing: bbq chicken sandwich: chicken cheese burger: burrito: lumpia. Snack: sunflower seeds: muffins: chips: snickers: kit-kat: 10 types of chocolate. Drinks: Coke: 7-Up: Dr. Pepper: Pepsi: Redbull: Vitamin Water: Rockstar: Coconut Juice: Water. Hot drinks: coffee: tea.,37.7456930261204,-122.390714584821
Singh Brothers Ice Cream,WALLACE AVE: JENNINGS ST to KEITH ST (1500 - 1599),1550 WALLACE AVE,Ice Cream: Pre-Packaged Chips: Candies: Bottled Water & Canned SODA,37.727168068782,-122.390029148701
CC Acquisition LLC,MARKET ST: MAIN ST to BEALE ST \ DAVIS ST \ PINE ST (214 - 298) -- NORTH --,298 MARKET ST,Indian Chai (Tea),37.7932137316634,-122.397043036718
Ruru Juice LLC,MISSION ST: 02ND ST to NEW MONTGOMERY ST (600 - 634),601 MISSION ST,Smoothies: Juice: Salads: Fruit Bowls: Soup,37.7876716444879,-122.399762925839
Wonder Philly,04TH ST: BERRY ST to MISSION CREEK (900 - 999),960 04TH ST,Hot dogs: sausages: cheesesteaks: chips: drinks,37.7743376663696,-122.394053286313
Singh Brothers Ice Cream,FITZGERALD AVE: HAWES ST to INGALLS ST (1100 - 1199),1104 FITZGERALD AVE,Ice Cream: Pre-Packaged Chips: Candies: Bottled Water & Canned SODA,37.7201747226493,-122.389407114342
Julie's Hot Dogs,MISSION ST: 19TH ST to 20TH ST (2300 - 2399),2365 MISSION ST,Hot dogs: Bacon wrapped hot dogs: soda: water: sports drinks: energy drinks: chips,37.7592402851502,-122.418544171117
"SOHOMEI, LLC",MISSION ST: ANNIE ST to 03RD ST (663 - 699),690 MISSION ST,COLD TRUCK. Deli: bbq chicken skewer: Chinese spring roll: Chinese fried rice/noodle: fried chicken leg/wing: bbq chicken sandwich: chicken cheese burger: burrito: lumpia. Snack: sunflower seeds: muffins: chips: snickers: kit-kat: 10 types of chocolate. Drinks: Coke: 7-Up: Dr. Pepper: Pepsi: Redbull: Vitamin Water: Rockstar: Coconut Juice: Water. Hot drinks: coffee: tea.,0,0
"Kabob Trolley, LLC",04TH ST: TOWNSEND ST to KING ST (700 - 799),298 KING ST,Gyros: Kebobs: refreshments and dessert,37.77764220851,-122.393418145932
"Kabob Trolley, LLC",MISSION ST: 07TH ST to ANGELOS ALY \ JULIA ST (1100 - 1165),1133 MISSION ST,Halal Gyro and Cheesesteaks,37.7783302557659,-122.411515865268
Tacos El Primo,WILLIAMS AVE: APOLLO ST to PHELPS ST \ VESTA ST (300 - 399),345 WILLIAMS AVE,Mexican food: tacos: burritos: tortas: various meat and chicken and fish plate: chile relleno plate: fish plate: bread: flan: rice pudding: bread: fruit juice: vegetable juice: coffee: tea,37.7298054805741,-122.399247104724
Singh Brothers Ice Cream,INGALLS ST: GEORGE CT to OAKDALE AVE (1350 - 1399),1309 INGALLS ST,Ice Cream: Pre-Packaged Chips: Candies: Bottled Water & Canned SODA,37.7303742378628,-122.381861878657
CC Acquisition LLC,VALENCIA ST: 16TH ST to 17TH ST (500 - 599),560 VALENCIA ST,Chai Tea,37.7638580813603,-122.422082620993
"Santana ESG, Inc.",SHOTWELL ST: 16TH ST to 17TH ST (200 - 299),200 SHOTWELL ST,Tacos: Burritos: Tortas: Quesadillas: Mexican Drinks: Aguas Frescas,37.7647453507195,-122.41656213947
"SOHOMEI, LLC",02ND ST: FEDERAL ST to SOUTH PARK (519 - 548),544 02ND ST,COLD TRUCK. Deli: bbq chicken skewer: Chinese spring roll: Chinese fried rice/noodle: fried chicken leg/wing: bbq chicken sandwich: chicken cheese burger: burrito: lumpia. Snack: sunflower seeds: muffins: chips: snickers: kit-kat: 10 types of chocolate. Drinks: Coke: 7-Up: Dr. Pepper: Pepsi: Redbull: Vitamin Water: Rockstar: Coconut Juice: Water. Hot drinks: coffee: tea.,37.7824235632947,-122.393236399398
Ruru Juice LLC,SUTTER ST: SANSOME ST to MONTGOMERY ST (50 - 99),80 SUTTER ST,Smoothies: Juice: Salads: Fruit Bowls: Soup,37.7903462473414,-122.401850190989
Singh Brothers Ice Cream,JENNINGS ST: KEY AVE to LE CONTE AVE (3400 - 3499),3444 JENNINGS ST,Ice Cream: Pre-Packaged Chips: Candies: Bottled Water & Canned SODA,37.7185220485664,-122.396661444417
Tacos Lol-Tun,ARMSTRONG AVE: KEITH ST to 03RD ST (1600 - 1699),1610 ARMSTRONG AVE,Tortas: burritos: tacos: ensaladas: sodas,37.7265943633868,-122.392355625631
El Tonayense #60,HARRISON ST: 17TH ST to MARIPOSA ST (2050 - 2149),401 TREAT AVE,Tacos: Burritos: Tortas: Quesadillas: Drinks,37.7631083253767,-122.413454890022
"SOHOMEI, LLC",BURKE AVE: START: 1500-1599 BLOCK to 03RD ST (1500 - 1599),1570 BURKE AVE,COLD TRUCK. Deli: bbq chicken skewer: Chinese spring roll: Chinese fried rice/noodle: fried chicken leg/wing: bbq chicken sandwich: chicken cheese burger: burrito: lumpia. Snack: sunflower seeds: muffins: chips: snickers: kit-kat: 10 types of chocolate. Drinks: Coke: 7-Up: Dr. Pepper: Pepsi: Redbull: Vitamin Water: Rockstar: Coconut Juice: Water. Hot drinks: coffee: tea.,37.7447521916164,-122.385679248721
"SOHOMEI, LLC",ELLIS ST: LARKIN ST to POLK ST (700 - 799),730 ELLIS ST,COLD TRUCK. Deli: bbq chicken skewer: Chinese spring roll: Chinese fried rice/noodle: fried chicken leg/wing: bbq chicken sandwich: chicken cheese burger: burrito: lumpia. Snack: sunflower seeds: muffins: chips: snickers: kit-kat: 10 types of chocolate. Drinks: Coke: 7-Up: Dr. Pepper: Pepsi: Redbull: Vitamin Water: Rockstar: Coconut Juice: Water. Hot drinks: coffee: tea.,37.7844207368995,-122.418405351782
"SOHOMEI, LLC",MINNESOTA ST: 23RD ST to 24TH ST (1200 - 1299),1240 MINNESOTA ST,COLD TRUCK. Deli: bbq chicken skewer: Chinese spring roll: Chinese fried rice/noodle: fried chicken leg/wing: bbq chicken sandwich: chicken cheese burger: burrito: lumpia. Snack: sunflower seeds: muffins: chips: snickers: kit-kat: 10 types of chocolate. Drinks: Coke: 7-Up: Dr. Pepper: Pepsi: Redbull: Vitamin Water: Rockstar: Coconut Juice: Water. Hot drinks: coffee: tea.,37.7546149514892,-122.39038813202
"SOHOMEI, LLC",02ND ST: JESSIE ST to MISSION ST (69 - 99),85 02ND ST,COLD TRUCK. Deli: bbq chicken skewer: Chinese spring roll: Chinese fried rice/noodle: fried chicken leg/wing: bbq chicken sandwich: chicken cheese burger: burrito: lumpia. Snack: sunflower seeds: muffins: chips: snickers: kit-kat: 10 types of chocolate. Drinks: Coke: 7-Up: Dr. Pepper: Pepsi: Redbull: Vitamin Water: Rockstar: Coconut Juice: Water. Hot drinks: coffee: tea.,37.7884570288289,-122.399884160566
Singh Brothers Ice Cream,JENNINGS ST: VAN DYKE AVE to WALLACE AVE (2100 - 2199),2115 JENNINGS ST,Ice Cream: Pre-Packaged Chips: Candies: Bottled Water & Canned SODA,37.7267279782571,-122.388658428832
Singh Brothers Ice Cream,JAMESTOWN AVE: GRIFFITH ST to CORONADO ST (800 - 850),800 JAMESTOWN AVE,Ice Cream: Pre-Packaged Chips: Candies: Bottled Water & Canned SODA,37.7164430021474,-122.389937879321
"SOHOMEI, LLC",HOWARD ST: 01ST ST to MALDEN ALY (500 - 589),501 HOWARD ST,COLD TRUCK. Deli: bbq chicken skewer: Chinese spring roll: Chinese fried rice/noodle: fried chicken leg/wing: bbq chicken sandwich: chicken cheese burger: burrito: lumpia. Snack: sunflower seeds: muffins: chips: snickers: kit-kat: 10 types of chocolate. Drinks: Coke: 7-Up: Dr. Pepper: Pepsi: Redbull: Vitamin Water: Rockstar: Coconut Juice: Water. Hot drinks: coffee: tea.,0,0
Singh Brothers Ice Cream,KIRKWOOD AVE: NEWHALL ST to PHELPS ST (1600 - 1699),1698 KIRKWOOD AVE,Ice Cream: Pre-Packaged Chips: Candies: Bottled Water & Canned SODA,37.7393571608675,-122.391522811759
"SOHOMEI, LLC",22ND ST: SAN BRUNO AVE to UTAH ST (2400 - 2449),2401 22ND ST,COLD TRUCK. Deli: bbq chicken skewer: Chinese spring roll: Chinese fried rice/noodle: fried chicken leg/wing: bbq chicken sandwich: chicken cheese burger: burrito: lumpia. Snack: sunflower seeds: muffins: chips: snickers: kit-kat: 10 types of chocolate. Drinks: Coke: 7-Up: Dr. Pepper: Pepsi: Redbull: Vitamin Water: Rockstar: Coconut Juice: Water. Hot drinks: coffee: tea.,37.7556370098323,-122.405101930379
Singh Brothers Ice Cream,SHAFTER AVE: HAWES ST to INGALLS ST (1200 - 1299),1207 SHAFTER AVE,Ice Cream: Pre-Packaged Chips: Candies: Bottled Water & Canned SODA,37.7267082729622,-122.3836249172
"SOHOMEI, LLC",EDDY ST: STEINER ST to PIERCE ST (1600 - 1699),1652 EDDY ST,COLD TRUCK. Deli: bbq chicken skewer: Chinese spring roll: Chinese fried rice/noodle: fried chicken leg/wing: bbq chicken sandwich: chicken cheese burger: burrito: lumpia. Snack: sunflower seeds: muffins: chips: snickers: kit-kat: 10 types of chocolate. Drinks: Coke: 7-Up: Dr. Pepper: Pepsi: Redbull: Vitamin Water: Rockstar: Coconut Juice: Water. Hot drinks: coffee: tea.,37.7815967457602,-122.43485778844
El Tonayanse #4 / #36,HARRISON ST: 13TH ST to 14TH ST (1700 - 1799),1717 HARRISON ST,Tacos: Burritos: Tortas: Quesadillas,0,0
Singh Brothers Ice Cream,KEY AVE: JENNINGS ST to 03RD ST (1000 - 1068),1060 KEY AVE,Ice Cream: Pre-Packaged Chips: Candies: Bottled Water & Canned SODA,37.7192002177133,-122.395976731096
"SOHOMEI, LLC",TREAT AVE: DIVISION ST \ FLORIDA ST to ALAMEDA ST (1 - 99),Assessors Block 3902/Lot002,COLD TRUCK. Deli: bbq chicken skewer: Chinese spring roll: Chinese fried rice/noodle: fried chicken leg/wing: bbq chicken sandwich: chicken cheese burger: burrito: lumpia. Snack: sunflower seeds: muffins: chips: snickers: kit-kat: 10 types of chocolate. Drinks: Coke: 7-Up: Dr. Pepper: Pepsi: Redbull: Vitamin Water: Rockstar: Coconut Juice: Water. Hot drinks: coffee: tea.,37.7683069928,-122.412000336092
BH & MT LLC,GROVE ST: BRODERICK ST to BAKER ST (1400 - 1499),1477 GROVE ST,Cold Truck: Breakfast: Sandwiches: Salads: Pre-Packaged Snacks: Beverages,37.7752901423195,-122.440731162111
Flavors of Africa,HOWARD ST: FREMONT ST to 01ST ST (400 - 499),405 HOWARD ST,Meat and vegi rice bowls: meat and vegi salad bowls: meat and vegi wraps: drinks and juices.,37.7885300106325,-122.395144293874
Rita's Catering,MISSION ST: 06TH ST to 07TH ST (1000 - 1099),1028 MISSION ST,Filipino Food,37.7806943774082,-122.409668813219
Eva's Catering,ORTEGA ST: 18TH AVE to 19TH AVE (1100 - 1199),1900 19TH AVE,Cold Truck: Burrito: Corn Dog: Salads: Sandwiches: Quesadilla: Tacos: Fried Rice: Cow Mein: Chinese Rice: Noodle Plates: Soup: Bacon: Eggs: Ham: Avacado: Sausages: Beverages,37.7521241631187,-122.475872322222
Eva's Catering,ORTEGA ST: 18TH AVE to 19TH AVE (1100 - 1199),1199 ORTEGA ST,Cold Truck: Burrito: Corn Dog: Salads: Sandwiches: Quesadilla: Tacos: Fried Rice: Cow Mein: Chinese Rice: Noodle Plates: Soup: Bacon: Eggs: Ham: Avacado: Sausages: Beverages,37.7835091222127,-122.4900712081
Eva's Catering,INGALLS ST: CARROLL AVE to DONNER AVE (2600 - 2699),2600 INGALLS ST,Corndogs: fried burrito: rice placet: soda: water: sandwiches: soup: noodle plates,37.7226292175983,-122.390061846327
Faith Sandwich,MAIN ST: MARKET ST to MISSION ST (1 - 99),58 MAIN ST,BBQ PORK SANDWICHGRILL CHICKEN SANDWICHSHIRMP SPRING ROLLSBBQ PORK OVER RICEGRILL CHICKEN OVER RICEBBQ PORK VERMICELLIGRILL CHICKEN VERMICELLIBBQ PORK GARLIC NOODLEGRILL CHICKEN GARLIC NOODLENEW ITEMS:MASALA DOSAPANNER DOSACHICKEN CURRY & RICECHICKEN STEWRICE OR DOSAADD CHEESEADD GHEE,37.792109338609,-122.395803865502
San Pancho's Tacos,CAPITOL AVE: DE MONTFORT AVE to OCEAN AVE (1200 - 1299),1271 CAPITOL AVE,Tacos: Burritos: Quesadillas: Tortas: Nachos: Hot Dogs:Soda: Water: Fruit Drinks,37.7242977785276,-122.459377309548
"San Francisco Carts & Concessions, Inc. DBA Stanley's Steamers Hot Dogs",GEARY ST: GRANT AVE to STOCKTON ST (100 - 199),100 GEARY ST,Hot dogs: condiments: soft pretzels: soft drinks: coffee: cold beverages: pastries: bakery goods: cookies: ice cream: candy: soups: churros: chestnuts: nuts: fresh fruit: fruit juices: desserts: potato chips and popcorn.,37.7879142297241,-122.405270523095
Flavors of Africa,MISSION ST: SHAW ALY to ANTHONY ST (543 - 586),555 MISSION ST,Meat and vegi rice bowls: meat and vegi salad bowls: meat and vegi wraps: drinks and juices.,37.7884461569013,-122.398641242039
FRUITYMANIA,MARKET ST: 04TH ST \ ELLIS ST \ STOCKTON ST to POWELL ST (800 - 890) -- NORTH --,870 MARKET ST,Fruit Salads: Fruit Drinks: Can Soda: Water,37.7851109204478,-122.407422668277
BH & MT LLC,PRESIDIO AVE: POST ST to GEARY BLVD (900 - 999),949 PRESIDIO AVE,Cold Truck: Breakfast: Sandwiches: Salads: Pre-Packaged Snacks: Beverages,37.7839220701115,-122.446721633172
BH & MT LLC,,401 23RD ST,Cold Truck: Breakfast: Sandwiches: Salads: Pre-Packaged Snacks: Beverages,37.7550307267667,-122.384530734223
Fruteria Serrano,MISSION ST: OCEAN AVE to PERSIA AVE (4650 - 4699),4650 MISSION ST,Fruits including mangoes: pineapples: coconuts: watermelon: corn: cucumber: potatoes chips: water: Mexican drinks: sodas: juices: snow cones,37.7236612795053,-122.43594382524
Giant Burrito,GENEVA AVE: PRAGUE ST to LINDA VISTA STPS (1500 - 1598) -- SOUTH --,1500 GENEVA AVE,Tacos: Burritos: Tostadas: Flautas: Tostadas: Tortas: Pozole Menudo,37.7123026047444,-122.431644190373
Street Meet,MINNESOTA ST: 04TH ST \ MARIPOSA ST to 18TH ST (500 - 599),777 MARIPOSA ST,Tacos: burritos: quesadillas: tortas: asada fries: nachos,37.7638112772906,-122.391265350599
"Off the Grid Services, LLC",BROADWAY: DAVIS ST to FRONT ST (50 - 99),90 BROADWAY,everything except for hot dogs,37.7992601135023,-122.399617948655
"The New York Frankfurter Co. of CA, Inc. DBA: Annie's Hot Dogs",STOCKTON ST: OFARRELL ST to GEARY ST (100 - 199),101 STOCKTON ST,Soft Pretzels: hot dogs: sausage: chips: popcorn: soda: espresso: cappucino: pastries: ice cream: italian sausages: shish-ka-bob: churros: juice: water: various drinks,37.7868561118831,-122.406891892997
Mini Mobile Food Catering,KANSAS ST: CESAR CHAVEZ ST to MARIN ST (1600 - 1699),Assessors Block 4341/Lot001,Cold Truck: Corn Dogs: Noodle Soups: Candy: Pre-packaged Snacks: Sandwiches: Chips: Coffee: Tea: Various Beverages,37.7489503634271,-122.401493189708
Faith Sandwich,MISSION ST: SHAW ALY to ANTHONY ST (543 - 586),560 MISSION ST,BBQ PORK SANDWICHGRILL CHICKEN SANDWICHSHIRMP SPRING ROLLSBBQ PORK OVER RICEGRILL CHICKEN OVER RICEBBQ PORK VERMICELLIGRILL CHICKEN VERMICELLIBBQ PORK GARLIC NOODLEGRILL CHICKEN GARLIC NOODLENEW ITEMS:MASALA DOSAPANNER DOSACHICKEN CURRY & RICECHICKEN STEWRICE OR DOSAADD CHEESEADD GHEE,37.788864715343,-122.399359351363
BH & MT LLC,16TH ST: SPENCER ST to DOLORES ST (3220 - 3299),3253 16TH ST,Cold Truck: Breakfast: Sandwiches: Salads: Pre-Packaged Snacks: Beverages,37.7644595214424,-122.425161376358
"Off the Grid Services, LLC",04TH ST: HOWARD ST to CLEMENTINA ST (200 - 267),250 04TH ST,everything except for hot dogs,37.7823601210175,-122.402095994563
Shah's Halal Food,MARKET ST: BATTERY ST to SUTTER ST (540 - 558) -- NORTH --,532 MARKET ST,Chicken Gyro: Lamb Gyro: Chiken Gyro Plate: Lamb Gyro Plate: Combination Gyro Plate.,37.7905483181832,-122.400333673679
Star Taco,HOWARD ST: MALDEN ALY to 02ND ST (574 - 599),580 HOWARD ST,Mexican Food,37.7873042488646,-122.398037251912
FRUITYMANIA,MARKET ST: 04TH ST \ ELLIS ST \ STOCKTON ST to POWELL ST (801 - 863) -- SOUTH --,801 MARKET ST,Fruit Salads: Fruit Drinks: Can Soda: Water,37.7849902793065,-122.405676629072
Quan Catering,03RD ST: 25TH ST to 26TH ST (2900 - 2998) -- WEST --,2920 03RD ST,Cold Truck: Soft drinks: cup cakes: potato chips: cookies: gum: sandwiches (hot & cold): peanuts: muffins: coff (hot & cold): water: juice: yoplait: milk: orange juice: sunflower seeds: can foods: burritos: buscuits: chimichangas: rice krispies,37.7519716288769,-122.387965483801
Halal Cart of San Francisco,CALIFORNIA ST: LEIDESDORFF ST to MONTGOMERY ST (449 - 499),400 MONTGOMERY ST,Halal Gyro over Rice: Halal Chicken over Rice: Halal Gyro: and Chicken Sandwich,37.7931486269835,-122.402567175578
Scotch Bonnet,SANSOME ST: BUSH ST to PINE ST (100 - 199),115 SANSOME ST,Jerk chicken: curry chicken: curry goat: curry dhal: Burritos: Fish: Ox tails: rice: beans: veggies.,37.7914265413321,-122.401037856688
Kettle Corn Star,MARKET ST: YERBA BUENA LN to 04TH ST \ ELLIS ST \ STOCKTON ST (767 - 799) -- SOUTH --,773 MARKET ST,Kettle Corn: Funnel Cakes: Lemonade: Beverages: Flan: Hot Dogs: Falafel: Hot and Cold Sandwiches: French Fries: Baklava and Pastries,37.7853956394405,-122.40439104283
Roadside Rotisserie Corporation / Country Grill,BUSH ST: 01ST ST \ MARKET ST to BATTERY ST (1 - 99),1 BUSH ST,Rotisserie Chicken: Ribs: Kickass Salad: Potatos w/fat dripping: chicken wrap.,37.7909215072692,-122.400100423739
"Off the Grid Services, LLC",BERRY ST: 03RD ST to 04TH ST (100 - 199),185 BERRY ST,everything except for hot dogs,37.7763271477899,-122.391796821077
Quan Catering,LANE ST: VAN DYKE AVE to 03RD ST (2100 - 2199),2111 LANE ST,Cold Truck: Soft drinks: cup cakes: potato chips: cookies: gum: sandwiches (hot & cold): peanuts: muffins: coff (hot & cold): water: juice: yoplait: milk: orange juice: sunflower seeds: can foods: burritos: buscuits: chimichangas: rice krispies,37.7287879577264,-122.392294820702
Liang Bai Ping,WALLACE AVE: INGALLS ST to JENNINGS ST (1400 - 1499),1450 WALLACE AVE,Cold Truck: Pre-packaged sandwiches: snacks: fruit: various beverages,37.7261456924729,-122.388227740903